{
  "train_loss": [
    0.3888098404263005,
    0.290456086397171,
    0.22574220877705198,
    0.1930794434113936,
    0.16700782879735485,
    0.14792660366405141,
    0.13077709160067819,
    0.11663373654538935,
    0.10336954697515026,
    0.09089590302019408,
    0.08384133979226603,
    0.07632732626728037,
    0.07251778574603977,
    0.06857955053900228,
    0.06531164023009213,
    0.06086101342331279,
    0.05902503299893755,
    0.05680275376547467,
    0.054013529713406706,
    0.05516077002341097,
    0.05138972092306975,
    0.048112346186782375,
    0.04669332192702727,
    0.045319841395724904,
    0.04309806044806134,
    0.04431360797448592,
    0.04138158931199348,
    0.04037473617178021,
    0.04081954728021766,
    0.03881699167417758,
    0.0384288465886405,
    0.03685787180156419,
    0.035271303841110435,
    0.035639151524413715,
    0.034747954187068074,
    0.03509090107047197,
    0.03339727020850687,
    0.0344286606167302,
    0.03346651696571798,
    0.03282997998775858,
    0.03220532690033768,
    0.031893760485179494,
    0.03185671136686296,
    0.031032382358204234,
    0.03156817783460473,
    0.031026127099087746,
    0.030681015505935206,
    0.030604653308788934,
    0.0303947536218347,
    0.030117928631829494
  ],
  "val_loss": [
    0.3369932770729065,
    0.2040756195783615,
    0.14999660849571228,
    0.1270875185728073,
    0.10867432504892349,
    0.09748608618974686,
    0.08669554442167282,
    0.07905557751655579,
    0.06968523561954498,
    0.06540843844413757,
    0.061693623661994934,
    0.0550350546836853,
    0.055394332855939865,
    0.0551559254527092,
    0.05023176968097687,
    0.0494828075170517,
    0.04844149947166443,
    0.04676402732729912,
    0.045781705528497696,
    0.04335382208228111,
    0.04651620611548424,
    0.04457429423928261,
    0.043518222868442535,
    0.04496598616242409,
    0.04422247037291527,
    0.04827320575714111,
    0.045073386281728745,
    0.04702585190534592,
    0.04922572523355484,
    0.04818681627511978,
    0.05569954589009285,
    0.05113724619150162,
    0.05344739556312561,
    0.05247380957007408,
    0.05075589567422867,
    0.051125653088092804,
    0.052546776831150055,
    0.052770812064409256,
    0.053993966430425644,
    0.05385001003742218,
    0.05341723933815956,
    0.054931506514549255,
    0.05417471379041672,
    0.05498316138982773,
    0.05494494363665581,
    0.05571015179157257,
    0.05480221286416054,
    0.05560002475976944,
    0.05561446398496628,
    0.0560673251748085
  ],
  "best_epoch": 20,
  "best_val_loss": 0.04335382208228111
}