{
  "epoch": [
    1,
    2,
    3
  ],
  "train_loss": [
    2.2540741144495313,
    1.3525131358716564,
    0.8751480019552916
  ],
  "train_acc": [
    19.396098666339054,
    52.60657684589869,
    69.79537791610358
  ],
  "test_loss": [
    1.89414050011966,
    0.6239675545003711,
    0.41388578248595487
  ],
  "test_acc": [
    36.44360786724032,
    81.79932390903504,
    88.55255070682237
  ],
  "lr": [
    0.0007625,
    0.0002875000000000001,
    5e-05
  ],
  "epoch_time_sec": [
    51.702865200000815,
    10.176186900000175,
    10.163870099997439
  ]
}