{
  "epoch": [
    1,
    2,
    3
  ],
  "train_loss": [
    0.7705785471313957,
    0.3127392959572026,
    0.23585240804167995
  ],
  "train_acc": [
    74.46523881676836,
    90.43640880734947,
    93.04366818188024
  ],
  "test_loss": [
    0.4941361159654065,
    0.2722357448142368,
    0.1906489605964439
  ],
  "test_acc": [
    85.36032575291948,
    92.33251382913338,
    94.79486785494775
  ],
  "lr": [
    0.0007625,
    0.0002875000000000001,
    5e-05
  ],
  "epoch_time_sec": [
    11.122579899998527,
    10.92960839999796,
    10.944405400001415
  ]
}