{
  "epoch": [
    1,
    2,
    3,
    4,
    5,
    6,
    7,
    8,
    9,
    10,
    11,
    12,
    13,
    14,
    15,
    16,
    17,
    18,
    19,
    20
  ],
  "train_loss": [
    2.2899047421356538,
    1.4242622036621266,
    0.8381627019396779,
    0.698248111515957,
    0.612231472773255,
    0.5628211260051837,
    0.5281763004946168,
    0.49614626327701306,
    0.47636532881348215,
    0.4610594185308591,
    0.43751513159351374,
    0.42844220315864767,
    0.4125073559531686,
    0.39443662762763954,
    0.3874704197649402,
    0.3789982002886579,
    0.3697279837182694,
    0.3609588902963816,
    0.35808699117538123,
    0.3537535270661295
  ],
  "train_acc": [
    18.462399497658925,
    50.08258596448121,
    71.57131741676564,
    76.84862879997816,
    79.97870510667923,
    81.59902807922792,
    82.69789917687046,
    83.95375185989052,
    84.59942394583453,
    85.2573815471559,
    86.08870142102461,
    86.34806230121353,
    86.92957669574238,
    87.40461662366737,
    87.67626301923366,
    87.93152872763012,
    88.36015670857392,
    88.65773919215911,
    88.67958010838555,
    88.73554745621578
  ],
  "test_loss": [
    2.045534945589381,
    0.6443868621991468,
    0.43263100110539354,
    0.33370050271376556,
    0.2912723143809986,
    0.2802655827563162,
    0.2592416594071702,
    0.23763661635163816,
    0.2327860756545398,
    0.23402998309305423,
    0.22019418217722594,
    0.21852097171687904,
    0.2123047776964448,
    0.20073559542301614,
    0.1959131635546904,
    0.19205546379089355,
    0.1905481273785792,
    0.19026406741281485,
    0.18762752566699537,
    0.1851771997394339
  ],
  "test_acc": [
    25.015365703749232,
    80.14751075599263,
    86.9660417947142,
    90.60387215734481,
    92.10971112476952,
    92.32098955132145,
    93.0278119237861,
    93.65012292563,
    93.73463429625077,
    93.83066994468346,
    94.24554394591273,
    94.2340196681008,
    94.68730792870313,
    94.89474492931777,
    95.14059618930547,
    95.21742470805162,
    95.28657037492317,
    95.32882606023355,
    95.31730178242164,
    95.42102028272895
  ],
  "lr": [
    0.0009941519617826904,
    0.0009767518452401978,
    0.0009482280989894746,
    0.0009092830723281,
    0.00086087572106361,
    0.0008041979948389247,
    0.0007406454873762847,
    0.0006717830723281,
    0.0005993063708941097,
    0.000525,
    0.00045069362910589043,
    0.0003782169276719,
    0.00030935451262371525,
    0.0002458020051610753,
    0.00018912427893638992,
    0.0001407169276719,
    0.0001017719010105253,
    7.324815475980207e-05,
    5.584803821730962e-05,
    5e-05
  ],
  "epoch_time_sec": [
    10.344316800001252,
    9.6033709000003,
    8.973084099998232,
    8.121559500003059,
    7.996153399999457,
    8.103494999999384,
    7.933060300001671,
    8.21695980000004,
    8.095472899996821,
    8.206759199998487,
    8.181139799999073,
    8.086722500000178,
    8.211713900000177,
    8.024037700000918,
    8.085778399999981,
    8.246544800000265,
    8.218917399997736,
    9.240585499999725,
    8.953428999997413,
    9.061350899999525
  ]
}