{
  "epoch": [
    1,
    2,
    3,
    4,
    5,
    6,
    7,
    8,
    9,
    10,
    11,
    12,
    13,
    14,
    15,
    16,
    17,
    18,
    19,
    20
  ],
  "train_loss": [
    0.8170097635887223,
    0.3238561023539042,
    0.27184510608993384,
    0.24675073055835864,
    0.2264868469032724,
    0.20784825467864176,
    0.19223337388416814,
    0.17794963242214948,
    0.16866409826843676,
    0.15841340090611275,
    0.14711885781622844,
    0.13425387611775735,
    0.12430798565122408,
    0.1129229686387338,
    0.10119263022574196,
    0.09128077223146705,
    0.08203362721749406,
    0.073980835025867,
    0.06876730900262149,
    0.0645150478171022
  ],
  "train_acc": [
    72.83672550063476,
    90.13336609470767,
    91.82467204499228,
    92.67646777782328,
    93.34807595178617,
    93.98828780867358,
    94.34866292640976,
    94.90014606112726,
    95.15268165499543,
    95.49394597103348,
    95.76422730933562,
    96.22015643556247,
    96.5423099499024,
    96.72932279509125,
    97.21801329565776,
    97.4910247484882,
    97.76130608679034,
    97.99746099348867,
    98.12577637631898,
    98.29777359160217
  ],
  "test_loss": [
    0.3673494819599789,
    0.30601319329974547,
    0.2767134937741087,
    0.21833833815792109,
    0.2162217977007401,
    0.19687864975688937,
    0.1805339616980374,
    0.1863600294430269,
    0.16970903140200233,
    0.15451225533064847,
    0.14580670495522705,
    0.15336101848835879,
    0.1505433650528205,
    0.13612068690400805,
    0.14009642896838326,
    0.13721661124041862,
    0.13329450383590055,
    0.14021335212947697,
    0.13737718690445472,
    0.1406497387988258
  ],
  "test_acc": [
    89.0980331899201,
    90.86124769514444,
    91.99830977258759,
    93.80377996312231,
    93.81146281499693,
    94.63352796558083,
    95.00230485556239,
    94.68730792870313,
    95.31346035648433,
    95.75522433927473,
    96.08174554394591,
    95.78211432083589,
    95.99339274738783,
    96.34296250768286,
    96.34680393362017,
    96.46972956361401,
    96.58497234173325,
    96.46972956361401,
    96.50046097111247,
    96.40442532267978
  ],
  "lr": [
    0.0009941519617826904,
    0.0009767518452401978,
    0.0009482280989894746,
    0.0009092830723281,
    0.00086087572106361,
    0.0008041979948389247,
    0.0007406454873762847,
    0.0006717830723281,
    0.0005993063708941097,
    0.000525,
    0.00045069362910589043,
    0.0003782169276719,
    0.00030935451262371525,
    0.0002458020051610753,
    0.00018912427893638992,
    0.0001407169276719,
    0.0001017719010105253,
    7.324815475980207e-05,
    5.584803821730962e-05,
    5e-05
  ],
  "epoch_time_sec": [
    10.801115799997206,
    10.842012699999032,
    10.814824400000361,
    10.77151490000324,
    10.855810000000929,
    10.830128699999477,
    10.756142400001409,
    11.098944400000619,
    10.866024099999777,
    10.790741199998592,
    10.811308600001212,
    10.809552599999734,
    10.763639200002217,
    10.850092799999402,
    10.782970499996736,
    10.532464400002937,
    10.530092499997409,
    10.538530800000444,
    10.520063500000106,
    10.48634459999812
  ]
}